Product Name,Count
koleston kit light ash blonde 8,80
essence pumpkins pretty matte nail polish,80
koleston maxi single light brown 305 0,80
essence super fine liner pen,80
essence disney mickey friends bouncy,80
invigo leave in wonder balm,80
fine napkin 40 1ply black,80
collistar reshaping draining wraps,80
eimi sugar lift,80
cosmaline baby discovery kit,80
soft color kit 71 ash,80
essence pumpkins pretty creamy shadow liner,80
collistar reshaping draining solution refill,80
essence after shape brow roller cooling and,80
essence pumpkins pretty eyeshadow palette,80
koleston kit medium ash blonde 7,80
collistar eye hydro gel ice,80
catrice 48h power stay brow gel,80
koleston kit exotic red 55,80
essence pumpkins pretty smoothing lip patch,80
koleston naturals red devotion 5,80
essence matt mousse mk up,80
koleston maxi single blue black 301 0,80
essence mattifying compact powder,80
essence disney lion king eyeshadow palette,80
essence soft touch mousse make up,80
koleston kit medium blonde 7,80
catrice professional brow palette,80
invigo balance clean scalp shampoo,80
koleston maxi single dark brown 303 0,80
soft color kit 77 golden,80
shiseido day spa deep back massage targeted stress massage for men and women 30,80
koleston kit hazelnut 7,80
essence jurassic world,80
soft color kit 28 blue,80
cosmal cure professional hair color cream medium blonde ash pearl 7 18 developer,80
kadus velvet oil 100,80
essence gel nail polish 01 gloss n,80
catrice skin face serum,80
essence french manicure sheer beauty nail polish,80
fusion intense repair shampoo,80
collistar anticellulite cryo gel boosted,80
cosmaline smiles small,80
koleston kit light brown 5,80
cosmal cure professional hair color cream dark blonde matt 6 2 developer,80
essence love that glow bronze,80
gsc bb for sports,80
koleston maxi single chocolate brown 306 7,80
collistar collagen cream,80
essence welcome to cape town eyeshadow,80
collistar hyaluronic acid aqua gel,80
soft color kit 70 natural,80
men s woven baseball cap c,80
essence brow like a boss ink brow gel,80
fusion intense repair conditioner,80
essence french manicure tip painter,80
koleston maxi single dark blonde 306 0,80
collistar protection milk spray spf50,80
cosmal cure professional hair color cream burgundy 4 6 developer,80
essence grow like a boss lash brow growth,80
catrice skin face mask spatula,80
essence gel nail polish 40 isn t she,80
koleston naturals dark ash blonde 6,80
cosmal cure professional hair color cream honey blonde 8 3 developer,80
koleston kit dark brown 3,80
essence lash princess liner,80
shiseido uv protective compact foundation spf 30 dark,80
catrice disney princess pocahontas hydrogel facemask,80
cosmaline antiperspirant roll on bright sensation,80
kadus deep moisture leave in conditioning spray,80
smk imperial lash mascara ink,80
cosmal cure professional hair color cream extra light blonde 9 0 developer,80
kadus color radiance shampoo,80
cosmaline micellar cleansing water in oil,80
kadus visible repair leave in conditioning balm,80
essence brow pomade brush,80
essence disney princess jasmine false lashes,80
cosmal cure professional hair color cream gold blonde 9 3 developer,80
koleston maxi single chestnut 305 4,80
cosmal cure professional hair color cream hazelnut 7 3 developer,80
